Brand,RAM,Processor,Storage,Price
Apple,4,Intel Core i3,1TB HDD,76400
Dell,8,Intel Core i5,256GB SSD,61900
Apple,4,AMD Ryzen 7,1TB SSD,105500
HP,4,Intel Core i3,512GB SSD,51500
Dell,4,AMD Ryzen 7,512GB SSD,69400
Apple,32,AMD Ryzen 7,512GB SSD,148800
ASUS,16,AMD Ryzen 7,256GB SSD,91300
MSI,32,Intel Core i5,1TB HDD,114800
Lenovo,8,Intel Core i5,1TB HDD,60300
HP,32,Intel Core i3,256GB SSD,93500
Lenovo,16,Intel Core i7,256GB SSD,85200
Apple,4,AMD Ryzen 5,1TB SSD,89600
HP,16,AMD Ryzen 7,1TB HDD,88100
Acer,4,Intel Core i5,256GB SSD,43500
Apple,16,Intel Core i5,256GB SSD,99800
MSI,4,Intel Core i5,1TB SSD,66200
Lenovo,16,AMD Ryzen 5,512GB SSD,73300
Lenovo,8,Intel Core i7,1TB HDD,76000
Apple,8,Intel Core i3,512GB SSD,81200
Dell,32,AMD Ryzen 5,1TB HDD,101200
Apple,8,AMD Ryzen 7,1TB HDD,109000
MSI,8,Intel Core i3,256GB SSD,53600
MSI,32,Intel Core i7,1TB HDD,125300
HP,16,Intel Core i5,512GB SSD,74800
Apple,32,AMD Ryzen 5,1TB SSD,139700
Dell,8,Intel Core i7,512GB SSD,80800
Apple,16,AMD Ryzen 7,1TB SSD,120800
Acer,16,AMD Ryzen 5,512GB SSD,76100
Dell,32,AMD Ryzen 7,256GB SSD,113500
MSI,4,Intel Core i3,512GB SSD,51200
Apple,32,Intel Core i5,256GB SSD,132500
ASUS,32,AMD Ryzen 5,1TB HDD,111600
Acer,4,Intel Core i3,1TB HDD,40700
MSI,4,Intel Core i7,1TB HDD,71000
ASUS,32,Intel Core i5,256GB SSD,107500
Apple,8,Intel Core i7,256GB SSD,100100
MSI,8,Intel Core i7,512GB SSD,85100
Lenovo,4,Intel Core i5,1TB HDD,47800
ASUS,4,Intel Core i3,1TB HDD,40100
MSI,8,Intel Core i7,256GB SSD,80100
Dell,4,AMD Ryzen 7,256GB SSD,67800
Apple,4,AMD Ryzen 5,512GB SSD,87800
Dell,8,AMD Ryzen 5,1TB HDD,62500
Acer,32,AMD Ryzen 7,512GB SSD,114500
Acer,16,Intel Core i5,1TB SSD,75600
Apple,32,Intel Core i7,1TB SSD,154100
HP,8,Intel Core i5,256GB SSD,58800
Lenovo,8,Intel Core i3,512GB SSD,56100
HP,4,Intel Core i3,512GB SSD,47400
HP,16,Intel Core i3,256GB SSD,56600
Acer,16,Intel Core i5,1TB SSD,81900
Dell,8,AMD Ryzen 7,1TB SSD,80100
Dell,32,AMD Ryzen 5,512GB SSD,106200
HP,32,Intel Core i3,1TB HDD,96200
ASUS,32,AMD Ryzen 5,256GB SSD,106200
Apple,4,Intel Core i3,1TB SSD,84500
Apple,4,Intel Core i7,512GB SSD,99300
Dell,32,Intel Core i5,512GB SSD,109500
ASUS,16,Intel Core i5,1TB SSD,86000
Dell,32,Intel Core i3,256GB SSD,97000
HP,4,AMD Ryzen 7,256GB SSD,61500
MSI,8,Intel Core i5,1TB SSD,74800
ASUS,8,AMD Ryzen 5,1TB SSD,64500
HP,32,Intel Core i5,256GB SSD,99400
ASUS,32,Intel Core i7,1TB HDD,122900
ASUS,32,AMD Ryzen 7,512GB SSD,124300
Dell,8,Intel Core i7,256GB SSD,75100
Acer,4,AMD Ryzen 7,1TB HDD,66200
HP,32,Intel Core i3,512GB SSD,97900
HP,4,AMD Ryzen 7,512GB SSD,65900
HP,4,AMD Ryzen 7,512GB SSD,69500
ASUS,8,Intel Core i3,256GB SSD,54800
Acer,32,Intel Core i3,1TB HDD,91000
Lenovo,16,Intel Core i5,512GB SSD,84300
Lenovo,8,AMD Ryzen 5,1TB HDD,50700
ASUS,4,Intel Core i7,256GB SSD,70100
ASUS,4,AMD Ryzen 7,256GB SSD,64500
Acer,16,Intel Core i5,512GB SSD,75800
Lenovo,8,Intel Core i3,1TB HDD,50200
Lenovo,32,Intel Core i5,1TB HDD,98100
Acer,4,AMD Ryzen 7,1TB HDD,61900
Apple,8,Intel Core i3,1TB HDD,83100
HP,8,Intel Core i3,1TB HDD,56100
Lenovo,8,AMD Ryzen 7,1TB HDD,70100
Dell,32,Intel Core i7,1TB HDD,118300
MSI,4,Intel Core i3,1TB SSD,54400
MSI,4,Intel Core i7,256GB SSD,75400
Lenovo,16,Intel Core i5,512GB SSD,80000
Apple,32,AMD Ryzen 5,256GB SSD,130700
HP,8,Intel Core i3,256GB SSD,50200
MSI,8,Intel Core i7,1TB SSD,88700
Dell,16,Intel Core i3,1TB HDD,70700
MSI,16,Intel Core i3,512GB SSD,71300
Apple,4,Intel Core i5,1TB HDD,85600
MSI,32,AMD Ryzen 7,512GB SSD,123200
Dell,8,Intel Core i5,1TB SSD,66300
HP,16,Intel Core i5,1TB SSD,84800
MSI,16,Intel Core i5,512GB SSD,86700
MSI,32,Intel Core i3,256GB SSD,97600
MSI,8,AMD Ryzen 5,512GB SSD,68600
MSI,16,AMD Ryzen 5,1TB HDD,76300
MSI,8,Intel Core i5,256GB SSD,64900
Apple,32,Intel Core i5,1TB HDD,135900
Lenovo,16,Intel Core i3,1TB HDD,61500
Apple,32,AMD Ryzen 7,1TB HDD,146500
HP,16,Intel Core i3,512GB SSD,69200
Acer,4,Intel Core i7,256GB SSD,69800
Acer,16,AMD Ryzen 5,1TB HDD,72900
ASUS,4,AMD Ryzen 7,1TB SSD,74100
Acer,16,Intel Core i5,256GB SSD,71500
Apple,4,AMD Ryzen 5,512GB SSD,80500
Lenovo,4,AMD Ryzen 5,1TB HDD,52600
Acer,4,Intel Core i7,1TB HDD,65900
Acer,32,Intel Core i7,1TB HDD,124700
ASUS,8,Intel Core i7,512GB SSD,78700
ASUS,8,AMD Ryzen 5,1TB HDD,63000
ASUS,4,AMD Ryzen 7,1TB HDD,66600
Lenovo,32,Intel Core i5,1TB HDD,101000
ASUS,32,AMD Ryzen 5,512GB SSD,111600
Acer,8,AMD Ryzen 5,256GB SSD,58000
Lenovo,16,AMD Ryzen 7,256GB SSD,86600
MSI,16,Intel Core i5,512GB SSD,82600
MSI,8,Intel Core i5,256GB SSD,71300
HP,32,Intel Core i5,256GB SSD,98700
ASUS,8,AMD Ryzen 5,1TB SSD,70500
ASUS,8,AMD Ryzen 5,512GB SSD,72100
Apple,4,Intel Core i3,1TB SSD,77700
Dell,32,Intel Core i5,256GB SSD,103600
Acer,4,Intel Core i5,1TB SSD,59500
Dell,16,AMD Ryzen 5,1TB SSD,82000
Acer,32,AMD Ryzen 7,1TB SSD,114200
Dell,32,AMD Ryzen 5,1TB HDD,106300
MSI,16,Intel Core i5,1TB SSD,86100
Apple,16,Intel Core i5,1TB SSD,116500
HP,8,Intel Core i7,1TB HDD,72700
Lenovo,4,Intel Core i7,512GB SSD,75600
Dell,32,Intel Core i5,512GB SSD,107900
Apple,4,Intel Core i5,1TB SSD,92100
ASUS,32,Intel Core i7,1TB SSD,129400
HP,32,Intel Core i5,1TB SSD,108300
MSI,4,AMD Ryzen 7,1TB SSD,79000
ASUS,16,Intel Core i3,1TB HDD,70900
MSI,32,AMD Ryzen 5,512GB SSD,107000
ASUS,16,Intel Core i5,1TB SSD,85400
ASUS,32,Intel Core i3,1TB HDD,96000
Apple,8,AMD Ryzen 5,1TB SSD,101100
Dell,4,AMD Ryzen 7,1TB SSD,69900
Acer,4,AMD Ryzen 7,256GB SSD,55600
Apple,8,AMD Ryzen 5,1TB SSD,100200
Dell,16,Intel Core i3,1TB SSD,74800
Lenovo,32,Intel Core i5,1TB HDD,106000
Lenovo,16,AMD Ryzen 5,1TB SSD,82000
Lenovo,32,Intel Core i3,256GB SSD,88200
Apple,4,AMD Ryzen 7,1TB HDD,97500
Dell,4,Intel Core i3,256GB SSD,44200
Dell,4,Intel Core i5,512GB SSD,57700
Dell,32,Intel Core i5,256GB SSD,112100
Acer,32,Intel Core i5,1TB HDD,104800
MSI,8,Intel Core i7,256GB SSD,75200
MSI,16,Intel Core i5,256GB SSD,83100
Acer,16,Intel Core i3,1TB SSD,65400
ASUS,4,Intel Core i5,512GB SSD,62000
HP,4,Intel Core i7,256GB SSD,70300
Lenovo,32,AMD Ryzen 7,1TB HDD,112200
HP,16,AMD Ryzen 7,256GB SSD,88200
MSI,32,AMD Ryzen 5,256GB SSD,109000
ASUS,32,Intel Core i7,512GB SSD,125500
ASUS,16,Intel Core i5,1TB SSD,91400
ASUS,16,AMD Ryzen 5,1TB HDD,75400
MSI,4,Intel Core i5,1TB HDD,59100
ASUS,32,Intel Core i5,1TB SSD,110500
Lenovo,32,Intel Core i3,1TB HDD,90200
Dell,8,AMD Ryzen 5,1TB HDD,62600
MSI,16,Intel Core i7,1TB HDD,97500
Acer,4,Intel Core i7,512GB SSD,69200
HP,32,Intel Core i5,1TB SSD,115500
Acer,32,Intel Core i5,1TB SSD,109600
ASUS,4,Intel Core i3,1TB HDD,49800
Dell,8,AMD Ryzen 5,1TB HDD,62000
Apple,16,AMD Ryzen 7,1TB SSD,134300
Acer,16,AMD Ryzen 7,1TB SSD,93000
Apple,16,AMD Ryzen 7,1TB HDD,115300
Apple,16,AMD Ryzen 5,1TB HDD,102600
Lenovo,4,Intel Core i5,512GB SSD,58900
Lenovo,8,Intel Core i3,512GB SSD,51600
Dell,16,AMD Ryzen 5,1TB HDD,79800
HP,16,Intel Core i5,512GB SSD,81500
Lenovo,16,Intel Core i5,256GB SSD,73500
Apple,8,AMD Ryzen 7,1TB HDD,100900
HP,16,Intel Core i3,512GB SSD,62500
Apple,4,AMD Ryzen 5,256GB SSD,80600
Acer,32,Intel Core i7,1TB SSD,125600
ASUS,8,Intel Core i7,256GB SSD,75100
Lenovo,4,AMD Ryzen 5,256GB SSD,45800
ASUS,4,AMD Ryzen 5,256GB SSD,52800
Dell,16,Intel Core i5,256GB SSD,78100
Dell,32,Intel Core i3,512GB SSD,95500
MSI,32,AMD Ryzen 7,1TB SSD,129100
ASUS,32,Intel Core i7,1TB HDD,120300
Acer,4,AMD Ryzen 7,256GB SSD,56200
MSI,8,Intel Core i5,1TB HDD,70200
Apple,8,Intel Core i3,512GB SSD,86400
Dell,4,AMD Ryzen 7,512GB SSD,74000
HP,32,AMD Ryzen 5,1TB SSD,114300
Lenovo,8,Intel Core i3,1TB HDD,45100
Apple,32,Intel Core i7,256GB SSD,144300
Apple,16,Intel Core i5,512GB SSD,112600
ASUS,8,Intel Core i3,512GB SSD,56200
Lenovo,4,Intel Core i5,256GB SSD,54000
Dell,16,Intel Core i7,1TB SSD,112300
HP,16,AMD Ryzen 5,1TB SSD,83800
Lenovo,32,AMD Ryzen 7,1TB SSD,125600
HP,4,AMD Ryzen 7,1TB SSD,75500
Apple,16,Intel Core i7,256GB SSD,121100
HP,4,Intel Core i5,1TB HDD,54600
Acer,8,Intel Core i3,1TB SSD,57100
Acer,16,AMD Ryzen 5,512GB SSD,72100
Acer,32,AMD Ryzen 5,256GB SSD,97800
ASUS,32,Intel Core i7,1TB HDD,118400
Lenovo,8,Intel Core i3,1TB HDD,50200
ASUS,16,AMD Ryzen 5,1TB SSD,90900
MSI,4,AMD Ryzen 7,1TB SSD,71700
HP,16,Intel Core i7,1TB HDD,92700
HP,4,AMD Ryzen 5,1TB SSD,54600
ASUS,8,Intel Core i3,1TB HDD,50200
Acer,32,AMD Ryzen 5,256GB SSD,102400
Dell,8,Intel Core i7,1TB HDD,78100
ASUS,4,AMD Ryzen 5,256GB SSD,48400
Apple,8,AMD Ryzen 7,512GB SSD,103900
Lenovo,4,AMD Ryzen 7,1TB SSD,73600
HP,4,Intel Core i5,1TB SSD,59600
HP,32,Intel Core i5,1TB HDD,106900
Acer,32,Intel Core i7,1TB SSD,122800
ASUS,32,Intel Core i5,512GB SSD,107300
ASUS,8,Intel Core i5,256GB SSD,68900
Lenovo,16,AMD Ryzen 5,1TB HDD,76500
MSI,16,Intel Core i3,1TB HDD,64200
MSI,32,AMD Ryzen 7,512GB SSD,125300
ASUS,32,AMD Ryzen 7,1TB HDD,114800
Lenovo,32,AMD Ryzen 7,1TB SSD,124600
Lenovo,8,Intel Core i5,1TB SSD,65600
Dell,4,AMD Ryzen 5,1TB HDD,55300
Apple,32,AMD Ryzen 5,1TB SSD,143400
Apple,32,Intel Core i5,256GB SSD,137600
Dell,16,AMD Ryzen 7,256GB SSD,82600
MSI,4,AMD Ryzen 5,1TB SSD,65000
HP,32,Intel Core i5,512GB SSD,106900
HP,16,AMD Ryzen 5,1TB HDD,73000
Acer,4,AMD Ryzen 5,1TB HDD,56900
MSI,32,AMD Ryzen 7,1TB HDD,123500
Apple,4,AMD Ryzen 5,256GB SSD,77800
Dell,8,Intel Core i7,256GB SSD,78600
ASUS,4,Intel Core i3,1TB SSD,58600
Dell,4,Intel Core i7,256GB SSD,71800
Lenovo,16,Intel Core i3,1TB HDD,59000
Lenovo,8,AMD Ryzen 5,512GB SSD,60700
Acer,8,AMD Ryzen 5,512GB SSD,64800
Dell,32,Intel Core i3,512GB SSD,96100
ASUS,8,AMD Ryzen 7,512GB SSD,78000
ASUS,32,Intel Core i7,1TB HDD,122800
Apple,32,Intel Core i3,1TB HDD,121900
Apple,8,AMD Ryzen 7,256GB SSD,101200
ASUS,16,Intel Core i7,1TB SSD,86500
Apple,32,Intel Core i7,1TB HDD,146500
Dell,32,AMD Ryzen 5,256GB SSD,102700
Dell,16,AMD Ryzen 5,1TB HDD,72900
Apple,4,Intel Core i7,1TB SSD,111900
Lenovo,4,Intel Core i3,1TB SSD,44200
MSI,8,Intel Core i7,1TB HDD,80400
Dell,16,Intel Core i5,512GB SSD,82300
Apple,4,Intel Core i3,1TB HDD,79700
MSI,4,AMD Ryzen 5,1TB HDD,54700
Apple,4,Intel Core i5,1TB HDD,90800
Lenovo,8,AMD Ryzen 5,512GB SSD,62400
Dell,16,AMD Ryzen 7,1TB HDD,85900
MSI,16,Intel Core i5,1TB SSD,91400
MSI,16,Intel Core i7,256GB SSD,94500
ASUS,8,Intel Core i3,512GB SSD,52300
MSI,16,AMD Ryzen 5,256GB SSD,79000
MSI,4,AMD Ryzen 5,1TB HDD,58400
Acer,32,Intel Core i3,1TB HDD,91500
Apple,32,Intel Core i7,1TB HDD,152400
HP,32,Intel Core i5,256GB SSD,109200
Acer,16,AMD Ryzen 7,512GB SSD,82500
Apple,32,Intel Core i3,1TB HDD,132600
Apple,4,AMD Ryzen 5,512GB SSD,80400
HP,16,Intel Core i3,1TB SSD,71300
HP,8,Intel Core i3,512GB SSD,55500
ASUS,16,AMD Ryzen 5,1TB SSD,83800
Acer,32,Intel Core i5,256GB SSD,98400
MSI,32,AMD Ryzen 5,1TB HDD,109400
HP,8,Intel Core i7,1TB SSD,80700
ASUS,16,Intel Core i5,256GB SSD,73700
Apple,16,Intel Core i7,256GB SSD,121800
ASUS,8,Intel Core i7,256GB SSD,75600
MSI,4,AMD Ryzen 5,512GB SSD,59800
Apple,4,AMD Ryzen 7,256GB SSD,97300
MSI,8,Intel Core i7,512GB SSD,85500
MSI,8,AMD Ryzen 7,256GB SSD,79200
MSI,8,AMD Ryzen 7,512GB SSD,83600
MSI,16,Intel Core i5,512GB SSD,82900
MSI,4,AMD Ryzen 7,1TB HDD,69700
MSI,8,Intel Core i5,1TB HDD,71500
MSI,4,Intel Core i5,256GB SSD,61300
Dell,16,Intel Core i3,512GB SSD,69700
Acer,4,Intel Core i7,512GB SSD,68600
Lenovo,8,Intel Core i3,1TB SSD,60900
Acer,4,Intel Core i3,1TB SSD,45100
ASUS,4,Intel Core i7,1TB SSD,78100
Acer,4,Intel Core i5,1TB HDD,52000
ASUS,4,Intel Core i3,1TB SSD,50400
MSI,32,AMD Ryzen 5,256GB SSD,111400
ASUS,4,AMD Ryzen 5,256GB SSD,55100
Lenovo,8,AMD Ryzen 7,256GB SSD,72200
Dell,16,Intel Core i7,1TB SSD,103400
Acer,16,AMD Ryzen 7,1TB SSD,90900
Acer,32,AMD Ryzen 7,256GB SSD,113000
MSI,8,Intel Core i3,1TB SSD,62300
ASUS,32,Intel Core i5,1TB HDD,108200
MSI,32,AMD Ryzen 5,1TB SSD,116100
Apple,16,Intel Core i3,1TB SSD,103100
Lenovo,16,Intel Core i7,512GB SSD,93900
Apple,4,AMD Ryzen 5,256GB SSD,79300
MSI,4,Intel Core i3,1TB SSD,63500
HP,8,Intel Core i7,256GB SSD,69900
Acer,16,AMD Ryzen 7,256GB SSD,77600
ASUS,32,Intel Core i7,256GB SSD,121700
Lenovo,16,AMD Ryzen 7,1TB HDD,89100
HP,8,AMD Ryzen 7,512GB SSD,77600
Apple,8,AMD Ryzen 5,256GB SSD,91600
Lenovo,16,AMD Ryzen 7,256GB SSD,83800
MSI,8,Intel Core i7,1TB SSD,85300
MSI,4,AMD Ryzen 7,1TB HDD,72000
HP,16,Intel Core i5,1TB HDD,74900
Lenovo,4,Intel Core i7,512GB SSD,73600
MSI,32,Intel Core i5,256GB SSD,109100
Dell,4,Intel Core i3,512GB SSD,45300
ASUS,32,AMD Ryzen 5,1TB HDD,104000
Dell,16,Intel Core i7,1TB HDD,93700
MSI,4,AMD Ryzen 7,256GB SSD,67200
Dell,4,Intel Core i5,256GB SSD,52300
Lenovo,32,AMD Ryzen 5,1TB SSD,110500
Acer,32,AMD Ryzen 5,1TB HDD,102000
Dell,4,AMD Ryzen 7,1TB HDD,65900
ASUS,16,Intel Core i3,1TB SSD,71200
Acer,4,Intel Core i7,512GB SSD,69000
ASUS,4,AMD Ryzen 7,256GB SSD,59100
Dell,8,Intel Core i7,512GB SSD,75500
MSI,16,Intel Core i7,1TB HDD,93800
HP,32,Intel Core i3,1TB SSD,99900
Dell,32,Intel Core i5,512GB SSD,111700
Acer,16,AMD Ryzen 7,256GB SSD,87000
ASUS,32,Intel Core i3,256GB SSD,95600
ASUS,16,Intel Core i3,1TB SSD,72200
Acer,32,AMD Ryzen 5,1TB HDD,101000
HP,4,AMD Ryzen 5,1TB HDD,50200
Dell,32,AMD Ryzen 7,1TB HDD,118000
HP,4,AMD Ryzen 5,512GB SSD,55200
ASUS,32,AMD Ryzen 7,256GB SSD,115700
ASUS,16,Intel Core i7,512GB SSD,90900
Lenovo,4,Intel Core i5,256GB SSD,54000
Acer,8,AMD Ryzen 7,1TB HDD,75300
Lenovo,8,Intel Core i5,256GB SSD,59000
Dell,8,Intel Core i7,512GB SSD,81800
Acer,4,Intel Core i5,512GB SSD,57600
MSI,32,AMD Ryzen 5,1TB SSD,115200
Apple,16,AMD Ryzen 7,1TB HDD,119100
Dell,4,AMD Ryzen 5,1TB SSD,62200
ASUS,16,Intel Core i7,256GB SSD,89100
Lenovo,4,AMD Ryzen 7,1TB HDD,62000
ASUS,4,AMD Ryzen 5,256GB SSD,52300
Lenovo,4,Intel Core i7,256GB SSD,66900
Acer,32,AMD Ryzen 7,1TB SSD,124700
Acer,4,AMD Ryzen 7,1TB SSD,72600
MSI,8,AMD Ryzen 7,1TB HDD,86400
Acer,8,AMD Ryzen 5,256GB SSD,52700
ASUS,16,Intel Core i3,256GB SSD,66900
Acer,4,Intel Core i5,512GB SSD,55800
Apple,32,AMD Ryzen 5,512GB SSD,145300
Lenovo,16,Intel Core i7,1TB SSD,93000
ASUS,4,Intel Core i7,1TB HDD,66800
HP,4,Intel Core i7,1TB SSD,73100
Lenovo,8,Intel Core i7,1TB HDD,67500
HP,8,AMD Ryzen 7,1TB HDD,71100
Lenovo,8,AMD Ryzen 5,256GB SSD,54700
Lenovo,32,AMD Ryzen 7,1TB HDD,115600
MSI,4,Intel Core i5,1TB SSD,69400
Acer,4,Intel Core i7,1TB HDD,72300
Lenovo,8,Intel Core i5,1TB HDD,65200
MSI,8,AMD Ryzen 5,512GB SSD,67400
Dell,4,Intel Core i5,1TB HDD,54600
MSI,4,Intel Core i3,1TB HDD,51400
MSI,8,AMD Ryzen 7,1TB SSD,80800
Dell,8,Intel Core i5,512GB SSD,73800
Apple,4,AMD Ryzen 5,1TB SSD,95300
Lenovo,32,Intel Core i5,1TB HDD,103500
MSI,8,AMD Ryzen 5,512GB SSD,63400
Lenovo,8,AMD Ryzen 5,1TB HDD,64600
Apple,32,AMD Ryzen 7,1TB SSD,153200
MSI,32,Intel Core i7,1TB SSD,135900
Dell,8,Intel Core i5,1TB HDD,59300
HP,16,AMD Ryzen 5,256GB SSD,70700
Apple,4,AMD Ryzen 7,1TB HDD,96700
HP,16,Intel Core i5,1TB SSD,84000
Acer,32,Intel Core i5,256GB SSD,99000
Dell,16,AMD Ryzen 5,256GB SSD,77000
ASUS,32,Intel Core i3,1TB HDD,91400
Dell,4,AMD Ryzen 5,1TB HDD,55200
Dell,16,Intel Core i3,256GB SSD,65200
MSI,8,Intel Core i7,512GB SSD,86200
HP,32,Intel Core i7,512GB SSD,124100
MSI,32,AMD Ryzen 5,256GB SSD,103700
HP,16,Intel Core i3,512GB SSD,62400
MSI,32,Intel Core i5,256GB SSD,114100
MSI,8,Intel Core i7,1TB HDD,83100
HP,8,Intel Core i3,1TB SSD,54800
Apple,32,AMD Ryzen 7,256GB SSD,150000
HP,4,AMD Ryzen 5,512GB SSD,56600
Apple,16,Intel Core i5,1TB SSD,118900
HP,16,AMD Ryzen 7,512GB SSD,90000
Acer,8,AMD Ryzen 5,256GB SSD,62600
Acer,4,Intel Core i7,256GB SSD,69300
ASUS,4,AMD Ryzen 5,1TB SSD,60300
Lenovo,4,Intel Core i7,1TB HDD,71100
MSI,16,Intel Core i3,512GB SSD,76100
Apple,16,Intel Core i3,512GB SSD,103600
HP,16,Intel Core i7,512GB SSD,89400
MSI,32,AMD Ryzen 5,512GB SSD,115000
MSI,4,Intel Core i5,1TB SSD,71900
HP,8,Intel Core i7,256GB SSD,67200
MSI,4,Intel Core i5,1TB HDD,57600
Lenovo,32,AMD Ryzen 7,1TB SSD,114500
Lenovo,8,Intel Core i3,1TB HDD,49000
Lenovo,16,Intel Core i3,1TB HDD,66800
HP,32,Intel Core i7,1TB SSD,130900
Apple,32,AMD Ryzen 5,1TB HDD,135400
Dell,32,AMD Ryzen 5,1TB HDD,111800
MSI,16,AMD Ryzen 7,256GB SSD,86000
Apple,4,AMD Ryzen 5,1TB SSD,85200
Acer,16,Intel Core i5,1TB HDD,74100
HP,16,Intel Core i3,1TB HDD,66600
Lenovo,32,AMD Ryzen 5,512GB SSD,105500
Apple,16,AMD Ryzen 5,1TB SSD,105600
HP,32,Intel Core i7,1TB HDD,118800
Apple,4,Intel Core i3,1TB SSD,76600
Lenovo,8,AMD Ryzen 7,256GB SSD,71700
Dell,32,AMD Ryzen 7,256GB SSD,116900
Dell,8,Intel Core i3,1TB HDD,49600
Lenovo,4,AMD Ryzen 5,512GB SSD,53400
Apple,16,AMD Ryzen 5,1TB HDD,102600
ASUS,8,Intel Core i3,1TB HDD,51700
ASUS,16,Intel Core i7,512GB SSD,97100
HP,8,Intel Core i3,1TB SSD,53900
Acer,4,AMD Ryzen 5,1TB HDD,52500
MSI,32,Intel Core i7,512GB SSD,125700
Acer,32,Intel Core i7,512GB SSD,115800
HP,4,Intel Core i5,1TB SSD,61800
Dell,4,AMD Ryzen 5,1TB HDD,52100
Apple,4,Intel Core i7,1TB HDD,97800
Lenovo,8,Intel Core i5,1TB HDD,57700
Acer,4,Intel Core i5,512GB SSD,62100
MSI,8,Intel Core i5,1TB SSD,75500
HP,16,Intel Core i7,1TB SSD,94400
MSI,8,AMD Ryzen 7,256GB SSD,77100
HP,32,Intel Core i7,1TB SSD,125200
Acer,32,AMD Ryzen 5,256GB SSD,97800
Dell,4,Intel Core i7,1TB SSD,79300
ASUS,16,AMD Ryzen 7,512GB SSD,93500
MSI,8,AMD Ryzen 7,512GB SSD,79500
ASUS,4,AMD Ryzen 7,256GB SSD,62200
Acer,16,Intel Core i5,512GB SSD,75800
Dell,8,Intel Core i7,1TB HDD,69800
Acer,4,Intel Core i7,1TB HDD,60400
Dell,16,AMD Ryzen 7,512GB SSD,96600
Apple,4,Intel Core i7,512GB SSD,108000
Acer,8,AMD Ryzen 7,512GB SSD,71500
Apple,16,AMD Ryzen 7,256GB SSD,117800
MSI,4,Intel Core i3,256GB SSD,48300
Apple,16,AMD Ryzen 7,512GB SSD,131600
MSI,32,AMD Ryzen 7,256GB SSD,123500
ASUS,16,AMD Ryzen 7,1TB HDD,87900
ASUS,32,Intel Core i5,1TB HDD,103800
ASUS,4,Intel Core i3,512GB SSD,41600
ASUS,32,AMD Ryzen 5,1TB SSD,112300
Dell,8,Intel Core i7,1TB HDD,75300
MSI,16,Intel Core i7,1TB SSD,97800
Dell,4,Intel Core i7,1TB HDD,68400
Dell,4,AMD Ryzen 5,1TB HDD,51900
ASUS,8,Intel Core i5,256GB SSD,67300
HP,32,Intel Core i7,1TB SSD,128700
Dell,16,Intel Core i5,1TB HDD,79300
Dell,32,Intel Core i5,1TB SSD,119800
ASUS,32,Intel Core i7,256GB SSD,117900
HP,32,AMD Ryzen 5,512GB SSD,103600
Dell,16,AMD Ryzen 7,256GB SSD,92100
HP,32,Intel Core i7,1TB SSD,127500
Lenovo,4,AMD Ryzen 7,256GB SSD,58600
ASUS,16,Intel Core i5,1TB HDD,77600
MSI,16,AMD Ryzen 5,256GB SSD,75700
ASUS,8,Intel Core i3,1TB HDD,47100
